url,type,page,recovery_method
https://wwws.warnerbros.co.jp/anime/kamimemo/core_sys/images/banner/00000001.jpg%3F1484183770,img,https://wwws.warnerbros.co.jp/anime/kamimemo/index.html,HTTP 404
https://wwws.warnerbros.co.jp/anime/kamimemo/core_sys/images/contents/00000001/block/00000079/00000142.jpg%3F1484183772,img,https://wwws.warnerbros.co.jp/anime/kamimemo/contents/hp0009/index00010000.html,HTTP 404
https://wwws.warnerbros.co.jp/anime/kamimemo/core_sys/images/contents/00000001/block/00000078/00000141.jpg%3F1484183772,img,https://wwws.warnerbros.co.jp/anime/kamimemo/contents/hp0009/index00010000.html,HTTP 404
https://wwws.warnerbros.co.jp/anime/kamimemo/core_sys/images/contents/00000001/block/00000077/00000140.jpg%3F1484183772,img,https://wwws.warnerbros.co.jp/anime/kamimemo/contents/hp0009/index00010000.html,HTTP 404
https://wwws.warnerbros.co.jp/anime/kamimemo/core_sys/images/contents/00000001/block/00000074/00000137.gif%3F1484183772,img,https://wwws.warnerbros.co.jp/anime/kamimemo/contents/hp0009/index00010000.html,HTTP 404
https://wwws.warnerbros.co.jp/anime/kamimemo/core_sys/images/contents/00000001/block/00000072/00000135.gif%3F1484183772,img,https://wwws.warnerbros.co.jp/anime/kamimemo/contents/hp0009/index00010000.html,HTTP 404
https://wwws.warnerbros.co.jp/anime/kamimemo/core_sys/images/contents/00000001/block/00000028/00000040.jpg%3F1484183772,img,https://wwws.warnerbros.co.jp/anime/kamimemo/contents/hp0009/index00010000.html,HTTP 404
https://wwws.warnerbros.co.jp/anime/kamimemo/core_sys/images/contents/00000011/block/00000035/00000055.gif%3F1484183775,img,https://wwws.warnerbros.co.jp/anime/kamimemo/contents/hp0006/index00110000.html,HTTP 404
https://wwws.warnerbros.co.jp/anime/kamimemo/core_sys/images/contents/00000011/block/00000036/00000056.jpg%3F1484183775,img,https://wwws.warnerbros.co.jp/anime/kamimemo/contents/hp0006/index00110000.html,HTTP 404
https://wwws.warnerbros.co.jp/anime/kamimemo/core_sys/images/contents/00000011/block/00000036/00000057.jpg%3F1484183775,img,https://wwws.warnerbros.co.jp/anime/kamimemo/contents/hp0006/index00110000.html,HTTP 404
https://wwws.warnerbros.co.jp/anime/kamimemo/core_sys/images/contents/00000011/block/00000036/00000058.jpg%3F1484183775,img,https://wwws.warnerbros.co.jp/anime/kamimemo/contents/hp0006/index00110000.html,HTTP 404
https://wwws.warnerbros.co.jp/anime/kamimemo/core_sys/images/contents/00000011/block/00000036/00000059.jpg%3F1484183775,img,https://wwws.warnerbros.co.jp/anime/kamimemo/contents/hp0006/index00110000.html,HTTP 404
https://wwws.warnerbros.co.jp/anime/kamimemo/core_sys/images/contents/00000011/block/00000036/00000060.jpg%3F1484183775,img,https://wwws.warnerbros.co.jp/anime/kamimemo/contents/hp0006/index00110000.html,HTTP 404
https://wwws.warnerbros.co.jp/anime/kamimemo/core_sys/images/contents/00000011/block/00000036/00000061.jpg%3F1484183775,img,https://wwws.warnerbros.co.jp/anime/kamimemo/contents/hp0006/index00110000.html,HTTP 404
https://wwws.warnerbros.co.jp/anime/kamimemo/core_sys/images/contents/00000010/block/00000032/00000048.gif%3F1484183775,img,https://wwws.warnerbros.co.jp/anime/kamimemo/contents/hp0006/index00100000.html,HTTP 404
https://wwws.warnerbros.co.jp/anime/kamimemo/core_sys/images/contents/00000010/block/00000033/00000049.jpg%3F1484183775,img,https://wwws.warnerbros.co.jp/anime/kamimemo/contents/hp0006/index00100000.html,HTTP 404
https://wwws.warnerbros.co.jp/anime/kamimemo/core_sys/images/contents/00000010/block/00000033/00000050.jpg%3F1484183775,img,https://wwws.warnerbros.co.jp/anime/kamimemo/contents/hp0006/index00100000.html,HTTP 404
https://wwws.warnerbros.co.jp/anime/kamimemo/core_sys/images/contents/00000010/block/00000033/00000051.jpg%3F1484183775,img,https://wwws.warnerbros.co.jp/anime/kamimemo/contents/hp0006/index00100000.html,HTTP 404
https://wwws.warnerbros.co.jp/anime/kamimemo/core_sys/images/contents/00000010/block/00000033/00000052.jpg%3F1484183775,img,https://wwws.warnerbros.co.jp/anime/kamimemo/contents/hp0006/index00100000.html,HTTP 404
https://wwws.warnerbros.co.jp/anime/kamimemo/core_sys/images/contents/00000010/block/00000033/00000053.jpg%3F1484183775,img,https://wwws.warnerbros.co.jp/anime/kamimemo/contents/hp0006/index00100000.html,HTTP 404
https://wwws.warnerbros.co.jp/anime/kamimemo/core_sys/images/contents/00000010/block/00000033/00000054.jpg%3F1484183775,img,https://wwws.warnerbros.co.jp/anime/kamimemo/contents/hp0006/index00100000.html,HTTP 404
https://wwws.warnerbros.co.jp/anime/kamimemo/core_sys/images/contents/00000016/block/00000050/00000090.gif%3F1484183786,img,https://wwws.warnerbros.co.jp/anime/kamimemo/contents/hp0006/index00160000.html,HTTP 404
https://wwws.warnerbros.co.jp/anime/kamimemo/core_sys/images/contents/00000016/block/00000051/00000091.jpg%3F1484183786,img,https://wwws.warnerbros.co.jp/anime/kamimemo/contents/hp0006/index00160000.html,HTTP 404
https://wwws.warnerbros.co.jp/anime/kamimemo/core_sys/images/contents/00000016/block/00000051/00000092.jpg%3F1484183786,img,https://wwws.warnerbros.co.jp/anime/kamimemo/contents/hp0006/index00160000.html,HTTP 404
https://wwws.warnerbros.co.jp/anime/kamimemo/core_sys/images/contents/00000016/block/00000051/00000093.jpg%3F1484183786,img,https://wwws.warnerbros.co.jp/anime/kamimemo/contents/hp0006/index00160000.html,HTTP 404
https://wwws.warnerbros.co.jp/anime/kamimemo/core_sys/images/contents/00000016/block/00000051/00000094.jpg%3F1484183786,img,https://wwws.warnerbros.co.jp/anime/kamimemo/contents/hp0006/index00160000.html,HTTP 404
https://wwws.warnerbros.co.jp/anime/kamimemo/core_sys/images/contents/00000016/block/00000051/00000095.jpg%3F1484183786,img,https://wwws.warnerbros.co.jp/anime/kamimemo/contents/hp0006/index00160000.html,HTTP 404
https://wwws.warnerbros.co.jp/anime/kamimemo/core_sys/images/contents/00000016/block/00000051/00000096.jpg%3F1484183786,img,https://wwws.warnerbros.co.jp/anime/kamimemo/contents/hp0006/index00160000.html,HTTP 404
https://wwws.warnerbros.co.jp/anime/kamimemo/core_sys/images/contents/00000017/block/00000053/00000097.gif%3F1484183790,img,https://wwws.warnerbros.co.jp/anime/kamimemo/contents/hp0006/index00170000.html,HTTP 404
https://wwws.warnerbros.co.jp/anime/kamimemo/core_sys/images/contents/00000017/block/00000054/00000098.jpg%3F1484183790,img,https://wwws.warnerbros.co.jp/anime/kamimemo/contents/hp0006/index00170000.html,HTTP 404
https://wwws.warnerbros.co.jp/anime/kamimemo/core_sys/images/contents/00000017/block/00000054/00000099.jpg%3F1484183790,img,https://wwws.warnerbros.co.jp/anime/kamimemo/contents/hp0006/index00170000.html,HTTP 404
https://wwws.warnerbros.co.jp/anime/kamimemo/core_sys/images/contents/00000017/block/00000054/00000100.jpg%3F1484183790,img,https://wwws.warnerbros.co.jp/anime/kamimemo/contents/hp0006/index00170000.html,HTTP 404
https://wwws.warnerbros.co.jp/anime/kamimemo/core_sys/images/contents/00000017/block/00000054/00000101.jpg%3F1484183790,img,https://wwws.warnerbros.co.jp/anime/kamimemo/contents/hp0006/index00170000.html,HTTP 404
https://wwws.warnerbros.co.jp/anime/kamimemo/core_sys/images/contents/00000017/block/00000054/00000102.jpg%3F1484183790,img,https://wwws.warnerbros.co.jp/anime/kamimemo/contents/hp0006/index00170000.html,HTTP 404
https://wwws.warnerbros.co.jp/anime/kamimemo/core_sys/images/contents/00000017/block/00000054/00000103.jpg%3F1484183790,img,https://wwws.warnerbros.co.jp/anime/kamimemo/contents/hp0006/index00170000.html,HTTP 404
https://wwws.warnerbros.co.jp/anime/kamimemo/core_sys/images/contents/00000018/block/00000056/00000104.gif%3F1484183793,img,https://wwws.warnerbros.co.jp/anime/kamimemo/contents/hp0006/index00180000.html,HTTP 404
https://wwws.warnerbros.co.jp/anime/kamimemo/core_sys/images/contents/00000018/block/00000057/00000105.gif%3F1484183793,img,https://wwws.warnerbros.co.jp/anime/kamimemo/contents/hp0006/index00180000.html,HTTP 404
https://wwws.warnerbros.co.jp/anime/kamimemo/core_sys/images/contents/00000018/block/00000057/00000106.gif%3F1484183793,img,https://wwws.warnerbros.co.jp/anime/kamimemo/contents/hp0006/index00180000.html,HTTP 404
https://wwws.warnerbros.co.jp/anime/kamimemo/core_sys/images/contents/00000018/block/00000057/00000107.gif%3F1484183793,img,https://wwws.warnerbros.co.jp/anime/kamimemo/contents/hp0006/index00180000.html,HTTP 404
https://wwws.warnerbros.co.jp/anime/kamimemo/core_sys/images/contents/00000018/block/00000057/00000108.gif%3F1484183793,img,https://wwws.warnerbros.co.jp/anime/kamimemo/contents/hp0006/index00180000.html,HTTP 404
https://wwws.warnerbros.co.jp/anime/kamimemo/core_sys/images/contents/00000018/block/00000057/00000109.gif%3F1484183793,img,https://wwws.warnerbros.co.jp/anime/kamimemo/contents/hp0006/index00180000.html,HTTP 404
https://wwws.warnerbros.co.jp/anime/kamimemo/core_sys/images/contents/00000018/block/00000057/00000110.gif%3F1484183793,img,https://wwws.warnerbros.co.jp/anime/kamimemo/contents/hp0006/index00180000.html,HTTP 404
https://wwws.warnerbros.co.jp/anime/kamimemo/core_sys/images/contents/00000019/block/00000059/00000111.gif%3F1484183797,img,https://wwws.warnerbros.co.jp/anime/kamimemo/contents/hp0006/index00190000.html,HTTP 404
https://wwws.warnerbros.co.jp/anime/kamimemo/core_sys/images/contents/00000019/block/00000060/00000112.jpg%3F1484183797,img,https://wwws.warnerbros.co.jp/anime/kamimemo/contents/hp0006/index00190000.html,HTTP 404
https://wwws.warnerbros.co.jp/anime/kamimemo/core_sys/images/contents/00000019/block/00000060/00000113.jpg%3F1484183797,img,https://wwws.warnerbros.co.jp/anime/kamimemo/contents/hp0006/index00190000.html,HTTP 404
https://wwws.warnerbros.co.jp/anime/kamimemo/core_sys/images/contents/00000019/block/00000060/00000114.jpg%3F1484183797,img,https://wwws.warnerbros.co.jp/anime/kamimemo/contents/hp0006/index00190000.html,HTTP 404
https://wwws.warnerbros.co.jp/anime/kamimemo/core_sys/images/contents/00000019/block/00000060/00000115.jpg%3F1484183797,img,https://wwws.warnerbros.co.jp/anime/kamimemo/contents/hp0006/index00190000.html,HTTP 404
https://wwws.warnerbros.co.jp/anime/kamimemo/core_sys/images/contents/00000019/block/00000060/00000116.jpg%3F1484183797,img,https://wwws.warnerbros.co.jp/anime/kamimemo/contents/hp0006/index00190000.html,HTTP 404
https://wwws.warnerbros.co.jp/anime/kamimemo/core_sys/images/contents/00000019/block/00000060/00000117.jpg%3F1484183797,img,https://wwws.warnerbros.co.jp/anime/kamimemo/contents/hp0006/index00190000.html,HTTP 404
https://wwws.warnerbros.co.jp/anime/kamimemo/core_sys/images/contents/00000012/block/00000038/00000062.gif%3F1484183775,img,https://wwws.warnerbros.co.jp/anime/kamimemo/contents/hp0006/index00120000.html,HTTP 404
https://wwws.warnerbros.co.jp/anime/kamimemo/core_sys/images/contents/00000012/block/00000039/00000063.jpg%3F1484183775,img,https://wwws.warnerbros.co.jp/anime/kamimemo/contents/hp0006/index00120000.html,HTTP 404
https://wwws.warnerbros.co.jp/anime/kamimemo/core_sys/images/contents/00000012/block/00000039/00000064.jpg%3F1484183775,img,https://wwws.warnerbros.co.jp/anime/kamimemo/contents/hp0006/index00120000.html,HTTP 404
https://wwws.warnerbros.co.jp/anime/kamimemo/core_sys/images/contents/00000012/block/00000039/00000065.jpg%3F1484183775,img,https://wwws.warnerbros.co.jp/anime/kamimemo/contents/hp0006/index00120000.html,HTTP 404
https://wwws.warnerbros.co.jp/anime/kamimemo/core_sys/images/contents/00000012/block/00000039/00000066.jpg%3F1484183775,img,https://wwws.warnerbros.co.jp/anime/kamimemo/contents/hp0006/index00120000.html,HTTP 404
https://wwws.warnerbros.co.jp/anime/kamimemo/core_sys/images/contents/00000012/block/00000039/00000067.jpg%3F1484183775,img,https://wwws.warnerbros.co.jp/anime/kamimemo/contents/hp0006/index00120000.html,HTTP 404
https://wwws.warnerbros.co.jp/anime/kamimemo/core_sys/images/contents/00000012/block/00000039/00000068.jpg%3F1484183775,img,https://wwws.warnerbros.co.jp/anime/kamimemo/contents/hp0006/index00120000.html,HTTP 404
https://wwws.warnerbros.co.jp/anime/kamimemo/core_sys/images/contents/00000013/block/00000041/00000069.gif%3F1484183776,img,https://wwws.warnerbros.co.jp/anime/kamimemo/contents/hp0006/index00130000.html,HTTP 404
https://wwws.warnerbros.co.jp/anime/kamimemo/core_sys/images/contents/00000013/block/00000042/00000070.jpg%3F1484183776,img,https://wwws.warnerbros.co.jp/anime/kamimemo/contents/hp0006/index00130000.html,HTTP 404
https://wwws.warnerbros.co.jp/anime/kamimemo/core_sys/images/contents/00000013/block/00000042/00000071.jpg%3F1484183776,img,https://wwws.warnerbros.co.jp/anime/kamimemo/contents/hp0006/index00130000.html,HTTP 404
https://wwws.warnerbros.co.jp/anime/kamimemo/core_sys/images/contents/00000013/block/00000042/00000072.jpg%3F1484183776,img,https://wwws.warnerbros.co.jp/anime/kamimemo/contents/hp0006/index00130000.html,HTTP 404
https://wwws.warnerbros.co.jp/anime/kamimemo/core_sys/images/contents/00000013/block/00000042/00000073.jpg%3F1484183776,img,https://wwws.warnerbros.co.jp/anime/kamimemo/contents/hp0006/index00130000.html,HTTP 404
https://wwws.warnerbros.co.jp/anime/kamimemo/core_sys/images/contents/00000013/block/00000042/00000074.jpg%3F1484183776,img,https://wwws.warnerbros.co.jp/anime/kamimemo/contents/hp0006/index00130000.html,HTTP 404
https://wwws.warnerbros.co.jp/anime/kamimemo/core_sys/images/contents/00000013/block/00000042/00000075.jpg%3F1484183776,img,https://wwws.warnerbros.co.jp/anime/kamimemo/contents/hp0006/index00130000.html,HTTP 404
https://wwws.warnerbros.co.jp/anime/kamimemo/core_sys/images/contents/00000020/block/00000062/00000118.gif%3F1484183801,img,https://wwws.warnerbros.co.jp/anime/kamimemo/contents/hp0006/index00200000.html,HTTP 404
https://wwws.warnerbros.co.jp/anime/kamimemo/core_sys/images/contents/00000020/block/00000063/00000119.gif%3F1484183801,img,https://wwws.warnerbros.co.jp/anime/kamimemo/contents/hp0006/index00200000.html,HTTP 404
https://wwws.warnerbros.co.jp/anime/kamimemo/core_sys/images/contents/00000020/block/00000063/00000120.gif%3F1484183801,img,https://wwws.warnerbros.co.jp/anime/kamimemo/contents/hp0006/index00200000.html,HTTP 404
https://wwws.warnerbros.co.jp/anime/kamimemo/core_sys/images/contents/00000020/block/00000063/00000121.gif%3F1484183801,img,https://wwws.warnerbros.co.jp/anime/kamimemo/contents/hp0006/index00200000.html,HTTP 404
https://wwws.warnerbros.co.jp/anime/kamimemo/core_sys/images/contents/00000020/block/00000063/00000122.gif%3F1484183801,img,https://wwws.warnerbros.co.jp/anime/kamimemo/contents/hp0006/index00200000.html,HTTP 404
https://wwws.warnerbros.co.jp/anime/kamimemo/core_sys/images/contents/00000020/block/00000063/00000123.gif%3F1484183801,img,https://wwws.warnerbros.co.jp/anime/kamimemo/contents/hp0006/index00200000.html,HTTP 404
https://wwws.warnerbros.co.jp/anime/kamimemo/core_sys/images/contents/00000020/block/00000063/00000124.gif%3F1484183801,img,https://wwws.warnerbros.co.jp/anime/kamimemo/contents/hp0006/index00200000.html,HTTP 404
https://wwws.warnerbros.co.jp/anime/kamimemo/core_sys/images/contents/00000015/block/00000047/00000083.gif%3F1484183784,img,https://wwws.warnerbros.co.jp/anime/kamimemo/contents/hp0006/index00150000.html,HTTP 404
https://wwws.warnerbros.co.jp/anime/kamimemo/core_sys/images/contents/00000015/block/00000048/00000084.jpg%3F1484183784,img,https://wwws.warnerbros.co.jp/anime/kamimemo/contents/hp0006/index00150000.html,HTTP 404
https://wwws.warnerbros.co.jp/anime/kamimemo/core_sys/images/contents/00000015/block/00000048/00000085.jpg%3F1484183784,img,https://wwws.warnerbros.co.jp/anime/kamimemo/contents/hp0006/index00150000.html,HTTP 404
https://wwws.warnerbros.co.jp/anime/kamimemo/core_sys/images/contents/00000015/block/00000048/00000086.jpg%3F1484183784,img,https://wwws.warnerbros.co.jp/anime/kamimemo/contents/hp0006/index00150000.html,HTTP 404
https://wwws.warnerbros.co.jp/anime/kamimemo/core_sys/images/contents/00000015/block/00000048/00000087.jpg%3F1484183784,img,https://wwws.warnerbros.co.jp/anime/kamimemo/contents/hp0006/index00150000.html,HTTP 404
https://wwws.warnerbros.co.jp/anime/kamimemo/core_sys/images/contents/00000015/block/00000048/00000088.jpg%3F1484183784,img,https://wwws.warnerbros.co.jp/anime/kamimemo/contents/hp0006/index00150000.html,HTTP 404
https://wwws.warnerbros.co.jp/anime/kamimemo/core_sys/images/contents/00000015/block/00000048/00000089.jpg%3F1484183784,img,https://wwws.warnerbros.co.jp/anime/kamimemo/contents/hp0006/index00150000.html,HTTP 404
https://wwws.warnerbros.co.jp/anime/kamimemo/core_sys/images/contents/00000014/block/00000044/00000076.gif%3F1484183776,img,https://wwws.warnerbros.co.jp/anime/kamimemo/contents/hp0006/index00140000.html,HTTP 404
https://wwws.warnerbros.co.jp/anime/kamimemo/core_sys/images/contents/00000014/block/00000045/00000077.jpg%3F1484183776,img,https://wwws.warnerbros.co.jp/anime/kamimemo/contents/hp0006/index00140000.html,HTTP 404
https://wwws.warnerbros.co.jp/anime/kamimemo/core_sys/images/contents/00000014/block/00000045/00000078.jpg%3F1484183776,img,https://wwws.warnerbros.co.jp/anime/kamimemo/contents/hp0006/index00140000.html,HTTP 404
https://wwws.warnerbros.co.jp/anime/kamimemo/core_sys/images/contents/00000014/block/00000045/00000079.jpg%3F1484183776,img,https://wwws.warnerbros.co.jp/anime/kamimemo/contents/hp0006/index00140000.html,HTTP 404
https://wwws.warnerbros.co.jp/anime/kamimemo/core_sys/images/contents/00000014/block/00000045/00000080.jpg%3F1484183776,img,https://wwws.warnerbros.co.jp/anime/kamimemo/contents/hp0006/index00140000.html,HTTP 404
https://wwws.warnerbros.co.jp/anime/kamimemo/core_sys/images/contents/00000014/block/00000045/00000081.jpg%3F1484183776,img,https://wwws.warnerbros.co.jp/anime/kamimemo/contents/hp0006/index00140000.html,HTTP 404
https://wwws.warnerbros.co.jp/anime/kamimemo/core_sys/images/contents/00000014/block/00000045/00000082.jpg%3F1484183776,img,https://wwws.warnerbros.co.jp/anime/kamimemo/contents/hp0006/index00140000.html,HTTP 404
https://wwws.warnerbros.co.jp/anime/kamimemo/core_sys/images/contents/00000009/block/00000029/00000041.gif%3F1484183774,img,https://wwws.warnerbros.co.jp/anime/kamimemo/contents/hp0006/index00090000.html,HTTP 404
https://wwws.warnerbros.co.jp/anime/kamimemo/core_sys/images/contents/00000009/block/00000030/00000042.gif%3F1484183774,img,https://wwws.warnerbros.co.jp/anime/kamimemo/contents/hp0006/index00090000.html,HTTP 404
https://wwws.warnerbros.co.jp/anime/kamimemo/core_sys/images/contents/00000009/block/00000030/00000043.gif%3F1484183774,img,https://wwws.warnerbros.co.jp/anime/kamimemo/contents/hp0006/index00090000.html,HTTP 404
https://wwws.warnerbros.co.jp/anime/kamimemo/core_sys/images/contents/00000009/block/00000030/00000044.gif%3F1484183774,img,https://wwws.warnerbros.co.jp/anime/kamimemo/contents/hp0006/index00090000.html,HTTP 404
https://wwws.warnerbros.co.jp/anime/kamimemo/core_sys/images/contents/00000009/block/00000030/00000045.gif%3F1484183774,img,https://wwws.warnerbros.co.jp/anime/kamimemo/contents/hp0006/index00090000.html,HTTP 404
https://wwws.warnerbros.co.jp/anime/kamimemo/core_sys/images/contents/00000009/block/00000030/00000046.gif%3F1484183774,img,https://wwws.warnerbros.co.jp/anime/kamimemo/contents/hp0006/index00090000.html,HTTP 404
https://wwws.warnerbros.co.jp/anime/kamimemo/core_sys/images/contents/00000009/block/00000030/00000047.gif%3F1484183774,img,https://wwws.warnerbros.co.jp/anime/kamimemo/contents/hp0006/index00090000.html,HTTP 404
https://wwws.warnerbros.co.jp/anime/kamimemo/core_sys/images/contents/00000004/block/00000025/00000035.jpg%3F1484183772,img,https://wwws.warnerbros.co.jp/anime/kamimemo/contents/hp0011/index00040000.html,HTTP 404
https://wwws.warnerbros.co.jp/anime/kamimemo/core_sys/images/contents/00000004/block/00000071/00000134.jpg%3F1484183772,img,https://wwws.warnerbros.co.jp/anime/kamimemo/contents/hp0011/index00040000.html,HTTP 404
https://wwws.warnerbros.co.jp/anime/kamimemo/core_sys/images/contents/00000004/block/00000027/00000039.jpg%3F1484183772,img,https://wwws.warnerbros.co.jp/anime/kamimemo/contents/hp0011/index00040000.html,HTTP 404
https://wwws.warnerbros.co.jp/anime/kamimemo/core_sys/images/contents/00000004/block/00000024/00000034.jpg%3F1484183772,img,https://wwws.warnerbros.co.jp/anime/kamimemo/contents/hp0011/index00040000.html,HTTP 404
https://wwws.warnerbros.co.jp/anime/kamimemo/core_sys/images/contents/00000004/block/00000023/00000033.jpg%3F1484183772,img,https://wwws.warnerbros.co.jp/anime/kamimemo/contents/hp0011/index00040000.html,HTTP 404
https://wwws.warnerbros.co.jp/anime/kamimemo/core_sys/images/contents/00000004/block/00000022/00000032.jpg%3F1484183772,img,https://wwws.warnerbros.co.jp/anime/kamimemo/contents/hp0011/index00040000.html,HTTP 404
https://wwws.warnerbros.co.jp/anime/kamimemo/core_sys/images/contents/00000004/block/00000021/00000031.jpg%3F1484183772,img,https://wwws.warnerbros.co.jp/anime/kamimemo/contents/hp0011/index00040000.html,HTTP 404
https://wwws.warnerbros.co.jp/anime/kamimemo/core_sys/images/contents/00000004/block/00000020/00000030.jpg%3F1484183772,img,https://wwws.warnerbros.co.jp/anime/kamimemo/contents/hp0011/index00040000.html,HTTP 404
https://wwws.warnerbros.co.jp/anime/kamimemo/core_sys/images/contents/00000004/block/00000019/00000029.jpg%3F1484183772,img,https://wwws.warnerbros.co.jp/anime/kamimemo/contents/hp0011/index00040000.html,HTTP 404
https://wwws.warnerbros.co.jp/anime/kamimemo/core_sys/images/contents/00000004/block/00000026/00000036.jpg%3F1484183772,img,https://wwws.warnerbros.co.jp/anime/kamimemo/contents/hp0011/index00040000.html,HTTP 404
https://wwws.warnerbros.co.jp/anime/kamimemo/core_sys/images/contents/00000004/block/00000006/00000012.gif%3F1484183772,img,https://wwws.warnerbros.co.jp/anime/kamimemo/contents/hp0011/index00040000.html,HTTP 404
https://wwws.warnerbros.co.jp/anime/kamimemo/core_sys/images/contents/00000004/block/00000073/00000136.jpg%3F1484183772,img,https://wwws.warnerbros.co.jp/anime/kamimemo/contents/hp0011/index00040000.html,HTTP 404
https://wwws.warnerbros.co.jp/anime/kamimemo/core_sys/images/contents/00000003/block/00000076/00000139.jpg%3F1484183771,img,https://wwws.warnerbros.co.jp/anime/kamimemo/contents/hp0010/index00030000.html,HTTP 404
https://wwws.warnerbros.co.jp/anime/kamimemo/core_sys/images/contents/00000003/block/00000068/00000131.jpg%3F1484183771,img,https://wwws.warnerbros.co.jp/anime/kamimemo/contents/hp0010/index00030000.html,HTTP 404
https://wwws.warnerbros.co.jp/anime/kamimemo/core_sys/images/contents/00000003/block/00000075/sn_00000138.jpg%3F1484183771,img,https://wwws.warnerbros.co.jp/anime/kamimemo/contents/hp0010/index00030000.html,HTTP 404
https://wwws.warnerbros.co.jp/anime/kamimemo/core_sys/images/contents/00000003/block/00000070/00000133.gif%3F1484183771,img,https://wwws.warnerbros.co.jp/anime/kamimemo/contents/hp0010/index00030000.html,HTTP 404
https://wwws.warnerbros.co.jp/anime/kamimemo/core_sys/images/contents/00000003/block/00000069/00000132.jpg%3F1484183771,img,https://wwws.warnerbros.co.jp/anime/kamimemo/contents/hp0010/index00030000.html,HTTP 404
https://wwws.warnerbros.co.jp/anime/kamimemo/core_sys/images/contents/00000003/block/00000004/sn_00000037.jpg%3F1484183771,img,https://wwws.warnerbros.co.jp/anime/kamimemo/contents/hp0010/index00030000.html,HTTP 404
https://wwws.warnerbros.co.jp/anime/kamimemo/core_sys/images/contents/00000003/block/00000018/sn_00000038.gif%3F1484183771,img,https://wwws.warnerbros.co.jp/anime/kamimemo/contents/hp0010/index00030000.html,HTTP 404
https://wwws.warnerbros.co.jp/anime/kamimemo/core_sys/images/contents/00000003/block/00000018/sn_00000127.gif%3F1484183771,img,https://wwws.warnerbros.co.jp/anime/kamimemo/contents/hp0010/index00030000.html,HTTP 404
https://wwws.warnerbros.co.jp/anime/kamimemo/core_sys/images/contents/00000003/block/00000018/sn_00000129.gif%3F1484183771,img,https://wwws.warnerbros.co.jp/anime/kamimemo/contents/hp0010/index00030000.html,HTTP 404
https://wwws.warnerbros.co.jp/anime/kamimemo/core_sys/images/contents/00000003/block/00000018/sn_00000028.jpg%3F1484183771,img,https://wwws.warnerbros.co.jp/anime/kamimemo/contents/hp0010/index00030000.html,HTTP 404
https://wwws.warnerbros.co.jp/anime/kamimemo/core_sys/images/contents/00000008/block/00000013/00000022.jpg%3F1484183771,img,https://wwws.warnerbros.co.jp/anime/kamimemo/contents/hp0004/index00080003.html,HTTP 404
https://wwws.warnerbros.co.jp/anime/kamimemo/core_sys/images/contents/00000008/block/00000012/00000021.jpg%3F1484183771,img,https://wwws.warnerbros.co.jp/anime/kamimemo/contents/hp0004/index00080002.html,HTTP 404
https://wwws.warnerbros.co.jp/anime/kamimemo/core_sys/images/contents/00000008/block/00000015/00000024.jpg%3F1484183771,img,https://wwws.warnerbros.co.jp/anime/kamimemo/contents/hp0004/index00080005.html,HTTP 404
https://wwws.warnerbros.co.jp/anime/kamimemo/core_sys/images/contents/00000008/block/00000066/00000126.jpg%3F1484183774,img,https://wwws.warnerbros.co.jp/anime/kamimemo/contents/hp0004/index00080009.html,HTTP 404
https://wwws.warnerbros.co.jp/anime/kamimemo/core_sys/images/contents/00000008/block/00000065/00000125.jpg%3F1484183774,img,https://wwws.warnerbros.co.jp/anime/kamimemo/contents/hp0004/index00080008.html,HTTP 404
https://wwws.warnerbros.co.jp/anime/kamimemo/core_sys/images/contents/00000008/block/00000014/00000023.jpg%3F1484183771,img,https://wwws.warnerbros.co.jp/anime/kamimemo/contents/hp0004/index00080004.html,HTTP 404
https://wwws.warnerbros.co.jp/anime/kamimemo/core_sys/images/contents/00000008/block/00000017/00000026.jpg%3F1484183771,img,https://wwws.warnerbros.co.jp/anime/kamimemo/contents/hp0004/index00080007.html,HTTP 404
https://wwws.warnerbros.co.jp/anime/kamimemo/core_sys/images/contents/00000008/block/00000016/00000025.jpg%3F1484183771,img,https://wwws.warnerbros.co.jp/anime/kamimemo/contents/hp0004/index00080006.html,HTTP 404
https://wwws.warnerbros.co.jp/anime/kamimemo/core_sys/images/contents/00000008/block/00000067/00000130.jpg%3F1484183776,img,https://wwws.warnerbros.co.jp/anime/kamimemo/contents/hp0004/index00080010.html,HTTP 404
https://wwws.warnerbros.co.jp/anime/kamimemo/core_sys/images/contents/00000008/block/00000011/00000020.jpg%3F1484183771,img,https://wwws.warnerbros.co.jp/anime/kamimemo/contents/hp0004/index00080001.html,HTTP 404
https://wwws.warnerbros.co.jp/anime/kamimemo/core_sys/images/contents/00000008/block/00000010/00000019.jpg%3F1484183771,img,https://wwws.warnerbros.co.jp/anime/kamimemo/contents/hp0004/index00080000.html,HTTP 404
https://wwws.warnerbros.co.jp/anime/kamimemo/core_sys/images/contents/00000006/base/001.jpg%3F1484183771,img,https://wwws.warnerbros.co.jp/anime/kamimemo/contents/hp0003/index00060000.html,HTTP 404
https://wwws.warnerbros.co.jp/anime/kamimemo/core_sys/images/contents/00000007/base/001.jpg%3F1484183771,img,https://wwws.warnerbros.co.jp/anime/kamimemo/contents/hp0005/index00070000.html,HTTP 404
https://wwws.warnerbros.co.jp/anime/kamimemo/core_sys/images/main/contents/radio/ttl_bno.gif,img,https://wwws.warnerbros.co.jp/anime/kamimemo/radio/index.html,unknown
https://wwws.warnerbros.co.jp/anime/kamimemo/core_sys/images/main/contents/radio/bt_shityo_32back_off.gif,img,https://wwws.warnerbros.co.jp/anime/kamimemo/radio/index.html,unknown
https://wwws.warnerbros.co.jp/anime/kamimemo/core_sys/images/main/contents/radio/bt_shityo_32back_off.gif,img,https://wwws.warnerbros.co.jp/anime/kamimemo/radio/index.html,unknown
https://wwws.warnerbros.co.jp/anime/kamimemo/core_sys/images/banner/00000001.jpg%3F1484183772,img,https://wwws.warnerbros.co.jp/anime/kamimemo/radio/index.html,HTTP 404
https://wwws.warnerbros.co.jp/anime/kamimemo/core_sys/images/news/00000010/block/00000010/00000007.gif%3F1484183774,img,https://wwws.warnerbros.co.jp/anime/kamimemo/news/hp0001/index00100000.html,HTTP 404
https://wwws.warnerbros.co.jp/anime/kamimemo/core_sys/images/news/00000024/base/sn_001.jpg%3F1484183776,img,https://wwws.warnerbros.co.jp/anime/kamimemo/news/hp0001/index00240000.html,HTTP 404
https://wwws.warnerbros.co.jp/anime/kamimemo/core_sys/images/news/00000039/base/001.gif%3F1484183796,img,https://wwws.warnerbros.co.jp/anime/kamimemo/news/hp0001/index00390000.html,HTTP 404
https://wwws.warnerbros.co.jp/anime/kamimemo/core_sys/images/news/00000048/base/001.jpg%3F1484183809,img,https://wwws.warnerbros.co.jp/anime/kamimemo/news/hp0001/index00480000.html,HTTP 404
https://wwws.warnerbros.co.jp/anime/kamimemo/core_sys/images/news/00000019/base/sn_001.jpg%3F1484183775,img,https://wwws.warnerbros.co.jp/anime/kamimemo/news/hp0001/index00190000.html,HTTP 404
https://wwws.warnerbros.co.jp/anime/kamimemo/core_sys/images/news/00000027/base/001.jpg%3F1484183776,img,https://wwws.warnerbros.co.jp/anime/kamimemo/news/hp0001/index00270000.html,HTTP 404
https://wwws.warnerbros.co.jp/anime/kamimemo/core_sys/images/news/00000008/block/00000005/00000001.jpg%3F1484183773,img,https://wwws.warnerbros.co.jp/anime/kamimemo/news/hp0001/index00080000.html,HTTP 404
https://wwws.warnerbros.co.jp/anime/kamimemo/core_sys/images/news/00000008/block/00000006/00000002.jpg%3F1484183773,img,https://wwws.warnerbros.co.jp/anime/kamimemo/news/hp0001/index00080000.html,HTTP 404
https://wwws.warnerbros.co.jp/anime/kamimemo/core_sys/images/news/00000008/block/00000007/00000003.jpg%3F1484183773,img,https://wwws.warnerbros.co.jp/anime/kamimemo/news/hp0001/index00080000.html,HTTP 404
https://wwws.warnerbros.co.jp/anime/kamimemo/core_sys/images/news/00000041/base/sn_001.gif%3F1484183800,img,https://wwws.warnerbros.co.jp/anime/kamimemo/news/hp0001/index00410000.html,HTTP 404
https://wwws.warnerbros.co.jp/anime/kamimemo/core_sys/images/news/00000003/base/sn_001.jpg%3F1484183773,img,https://wwws.warnerbros.co.jp/anime/kamimemo/news/hp0001/index00030000.html,HTTP 404
https://wwws.warnerbros.co.jp/anime/kamimemo/core_sys/images/main/contents/radio/ttl_bno.gif,img,https://wwws.warnerbros.co.jp/anime/kamimemo/radio/index.html,unknown
https://wwws.warnerbros.co.jp/anime/kamimemo/core_sys/images/main/contents/radio/bt_shityo_32back_off.gif,img,https://wwws.warnerbros.co.jp/anime/kamimemo/radio/index.html,unknown
https://wwws.warnerbros.co.jp/anime/kamimemo/core_sys/images/main/contents/radio/bt_shityo_32back_off.gif,img,https://wwws.warnerbros.co.jp/anime/kamimemo/radio/index.html,unknown
