file,category,size_bytes,source_url
recovered/core_sys_images_main_contents_radio_ttl_bno.gif,Banner,919,https://wwws.warnerbros.co.jp/anime/kamimemo/recovered/core_sys_images_main_contents_radio_ttl_bno.gif
recovered/anime_kamimemo_core_sys_images_main_contents_radio_ttl_bno.gif,Banner,919,https://wwws.warnerbros.co.jp/anime/kamimemo/recovered/anime_kamimemo_core_sys_images_main_contents_radio_ttl_bno.gif
recovered/anime_kamimemo_core_sys_images_main_contents_radio_bt_shityo_32back_off.gif,Banner,3228,https://wwws.warnerbros.co.jp/anime/kamimemo/recovered/anime_kamimemo_core_sys_images_main_contents_radio_bt_shityo_32back_off.gif
recovered/core_sys_images_main_contents_radio_bt_shityo_32back_off.gif,Banner,3228,https://wwws.warnerbros.co.jp/anime/kamimemo/recovered/core_sys_images_main_contents_radio_bt_shityo_32back_off.gif
core_sys/images/style_parts/bg/common/r10_wh.gif,Other,89,https://wwws.warnerbros.co.jp/anime/kamimemo/core_sys/images/style_parts/bg/common/r10_wh.gif
core_sys/images/style_parts/bg/common/dot1_wh.gif,Other,63,https://wwws.warnerbros.co.jp/anime/kamimemo/core_sys/images/style_parts/bg/common/dot1_wh.gif
core_sys/images/style_parts/bg/common/dot1_bk.gif,Other,63,https://wwws.warnerbros.co.jp/anime/kamimemo/core_sys/images/style_parts/bg/common/dot1_bk.gif
core_sys/images/style_parts/bg/common/dot1_gl01.gif,Other,63,https://wwws.warnerbros.co.jp/anime/kamimemo/core_sys/images/style_parts/bg/common/dot1_gl01.gif
core_sys/images/style_parts/bg/common/dot1_gl02.gif,Other,63,https://wwws.warnerbros.co.jp/anime/kamimemo/core_sys/images/style_parts/bg/common/dot1_gl02.gif
core_sys/images/style_parts/bg/common/r5_wh.gif,Other,61,https://wwws.warnerbros.co.jp/anime/kamimemo/core_sys/images/style_parts/bg/common/r5_wh.gif
core_sys/images/style_parts/bg/common/dot2_wh.gif,Other,69,https://wwws.warnerbros.co.jp/anime/kamimemo/core_sys/images/style_parts/bg/common/dot2_wh.gif
core_sys/images/style_parts/bg/common/dot2_bk.gif,Other,69,https://wwws.warnerbros.co.jp/anime/kamimemo/core_sys/images/style_parts/bg/common/dot2_bk.gif
core_sys/images/style_parts/bg/common/dot2_gl02.gif,Other,69,https://wwws.warnerbros.co.jp/anime/kamimemo/core_sys/images/style_parts/bg/common/dot2_gl02.gif
core_sys/images/style_parts/bg/common/dot2_gl01.gif,Other,69,https://wwws.warnerbros.co.jp/anime/kamimemo/core_sys/images/style_parts/bg/common/dot2_gl01.gif
core_sys/images/style_parts/bg/ti/grd01_gr.gif,Other,315,https://wwws.warnerbros.co.jp/anime/kamimemo/core_sys/images/style_parts/bg/ti/grd01_gr.gif
core_sys/images/style_parts/bg/ti/grd02_bg.gif,Other,481,https://wwws.warnerbros.co.jp/anime/kamimemo/core_sys/images/style_parts/bg/ti/grd02_bg.gif
core_sys/images/style_parts/bg/ti/grd04_kh.gif,Other,313,https://wwws.warnerbros.co.jp/anime/kamimemo/core_sys/images/style_parts/bg/ti/grd04_kh.gif
core_sys/images/style_parts/bg/ti/grd02_or.gif,Other,471,https://wwws.warnerbros.co.jp/anime/kamimemo/core_sys/images/style_parts/bg/ti/grd02_or.gif
core_sys/images/style_parts/bg/ti/grd03_gr.gif,Other,440,https://wwws.warnerbros.co.jp/anime/kamimemo/core_sys/images/style_parts/bg/ti/grd03_gr.gif
core_sys/images/style_parts/bg/ti/grd04_gl.gif,Other,313,https://wwws.warnerbros.co.jp/anime/kamimemo/core_sys/images/style_parts/bg/ti/grd04_gl.gif
core_sys/images/style_parts/bg/ti/grd02_kh.gif,Other,480,https://wwws.warnerbros.co.jp/anime/kamimemo/core_sys/images/style_parts/bg/ti/grd02_kh.gif
core_sys/images/style_parts/bg/ti/grd04_bg.gif,Other,313,https://wwws.warnerbros.co.jp/anime/kamimemo/core_sys/images/style_parts/bg/ti/grd04_bg.gif
core_sys/images/style_parts/bg/ti/grd01_bk.gif,Other,320,https://wwws.warnerbros.co.jp/anime/kamimemo/core_sys/images/style_parts/bg/ti/grd01_bk.gif
core_sys/images/style_parts/bg/ti/grd03_bl.gif,Other,445,https://wwws.warnerbros.co.jp/anime/kamimemo/core_sys/images/style_parts/bg/ti/grd03_bl.gif
core_sys/images/style_parts/bg/ti/grd01_bl.gif,Other,315,https://wwws.warnerbros.co.jp/anime/kamimemo/core_sys/images/style_parts/bg/ti/grd01_bl.gif
core_sys/images/style_parts/bg/ti/grd02_gl.gif,Other,359,https://wwws.warnerbros.co.jp/anime/kamimemo/core_sys/images/style_parts/bg/ti/grd02_gl.gif
core_sys/images/style_parts/bg/ti/grd04_or.gif,Other,312,https://wwws.warnerbros.co.jp/anime/kamimemo/core_sys/images/style_parts/bg/ti/grd04_or.gif
core_sys/images/style_parts/bg/ti/grd03_bg.gif,Other,440,https://wwws.warnerbros.co.jp/anime/kamimemo/core_sys/images/style_parts/bg/ti/grd03_bg.gif
core_sys/images/style_parts/bg/ti/grd01_or.gif,Other,315,https://wwws.warnerbros.co.jp/anime/kamimemo/core_sys/images/style_parts/bg/ti/grd01_or.gif
core_sys/images/style_parts/bg/ti/grd04_bl.gif,Other,313,https://wwws.warnerbros.co.jp/anime/kamimemo/core_sys/images/style_parts/bg/ti/grd04_bl.gif
core_sys/images/style_parts/bg/ti/grd02_gr.gif,Other,482,https://wwws.warnerbros.co.jp/anime/kamimemo/core_sys/images/style_parts/bg/ti/grd02_gr.gif
core_sys/images/style_parts/bg/ti/grd03_or.gif,Other,447,https://wwws.warnerbros.co.jp/anime/kamimemo/core_sys/images/style_parts/bg/ti/grd03_or.gif
core_sys/images/style_parts/bg/ti/grd01_bg.gif,Other,315,https://wwws.warnerbros.co.jp/anime/kamimemo/core_sys/images/style_parts/bg/ti/grd01_bg.gif
core_sys/images/style_parts/bg/ti/grd01_gl.gif,Other,315,https://wwws.warnerbros.co.jp/anime/kamimemo/core_sys/images/style_parts/bg/ti/grd01_gl.gif
core_sys/images/style_parts/bg/ti/grd02_bl.gif,Other,480,https://wwws.warnerbros.co.jp/anime/kamimemo/core_sys/images/style_parts/bg/ti/grd02_bl.gif
core_sys/images/style_parts/bg/ti/grd03_kh.gif,Other,445,https://wwws.warnerbros.co.jp/anime/kamimemo/core_sys/images/style_parts/bg/ti/grd03_kh.gif
core_sys/images/style_parts/bg/ti/grd02_bk.gif,Other,482,https://wwws.warnerbros.co.jp/anime/kamimemo/core_sys/images/style_parts/bg/ti/grd02_bk.gif
core_sys/images/style_parts/bg/ti/grd01_kh.gif,Other,315,https://wwws.warnerbros.co.jp/anime/kamimemo/core_sys/images/style_parts/bg/ti/grd01_kh.gif
core_sys/images/style_parts/bg/ti/grd03_gl.gif,Other,310,https://wwws.warnerbros.co.jp/anime/kamimemo/core_sys/images/style_parts/bg/ti/grd03_gl.gif
core_sys/images/style_parts/bg/ti/grd04_gr.gif,Other,313,https://wwws.warnerbros.co.jp/anime/kamimemo/core_sys/images/style_parts/bg/ti/grd04_gr.gif
core_sys/images/style_parts/ico/arrow/ar02_or02.gif,Icon,79,https://wwws.warnerbros.co.jp/anime/kamimemo/core_sys/images/style_parts/ico/arrow/ar02_or02.gif
core_sys/images/style_parts/ico/arrow/ar02_gl02.gif,Icon,79,https://wwws.warnerbros.co.jp/anime/kamimemo/core_sys/images/style_parts/ico/arrow/ar02_gl02.gif
core_sys/images/style_parts/ico/arrow/ar02_or01.gif,Icon,79,https://wwws.warnerbros.co.jp/anime/kamimemo/core_sys/images/style_parts/ico/arrow/ar02_or01.gif
core_sys/images/style_parts/ico/arrow/ar02_re01.gif,Icon,79,https://wwws.warnerbros.co.jp/anime/kamimemo/core_sys/images/style_parts/ico/arrow/ar02_re01.gif
core_sys/images/style_parts/ico/arrow/ar02_gl01.gif,Icon,79,https://wwws.warnerbros.co.jp/anime/kamimemo/core_sys/images/style_parts/ico/arrow/ar02_gl01.gif
core_sys/images/style_parts/ico/arrow/ar02_kh01.gif,Icon,79,https://wwws.warnerbros.co.jp/anime/kamimemo/core_sys/images/style_parts/ico/arrow/ar02_kh01.gif
core_sys/images/style_parts/ico/arrow/ar02_en01.gif,Icon,79,https://wwws.warnerbros.co.jp/anime/kamimemo/core_sys/images/style_parts/ico/arrow/ar02_en01.gif
core_sys/images/style_parts/ico/arrow/ar01_bl02.gif,Icon,53,https://wwws.warnerbros.co.jp/anime/kamimemo/core_sys/images/style_parts/ico/arrow/ar01_bl02.gif
core_sys/images/style_parts/ico/arrow/ar01_bk.gif,Icon,53,https://wwws.warnerbros.co.jp/anime/kamimemo/core_sys/images/style_parts/ico/arrow/ar01_bk.gif
core_sys/images/style_parts/ico/arrow/ar02_sm01.gif,Icon,79,https://wwws.warnerbros.co.jp/anime/kamimemo/core_sys/images/style_parts/ico/arrow/ar02_sm01.gif
core_sys/images/style_parts/ico/arrow/ar01_bl01.gif,Icon,53,https://wwws.warnerbros.co.jp/anime/kamimemo/core_sys/images/style_parts/ico/arrow/ar01_bl01.gif
core_sys/images/style_parts/ico/arrow/ar02_gr02.gif,Icon,79,https://wwws.warnerbros.co.jp/anime/kamimemo/core_sys/images/style_parts/ico/arrow/ar02_gr02.gif
core_sys/images/style_parts/ico/arrow/ar02_bg01.gif,Icon,79,https://wwws.warnerbros.co.jp/anime/kamimemo/core_sys/images/style_parts/ico/arrow/ar02_bg01.gif
core_sys/images/style_parts/ico/arrow/ar01_pp01.gif,Icon,53,https://wwws.warnerbros.co.jp/anime/kamimemo/core_sys/images/style_parts/ico/arrow/ar01_pp01.gif
core_sys/images/style_parts/ico/arrow/ar02_gr01.gif,Icon,79,https://wwws.warnerbros.co.jp/anime/kamimemo/core_sys/images/style_parts/ico/arrow/ar02_gr01.gif
core_sys/images/style_parts/ico/arrow/ar02_bg02.gif,Icon,79,https://wwws.warnerbros.co.jp/anime/kamimemo/core_sys/images/style_parts/ico/arrow/ar02_bg02.gif
core_sys/images/style_parts/ico/arrow/ar01_en01.gif,Icon,53,https://wwws.warnerbros.co.jp/anime/kamimemo/core_sys/images/style_parts/ico/arrow/ar01_en01.gif
core_sys/images/style_parts/ico/arrow/ar01_kh01.gif,Icon,53,https://wwws.warnerbros.co.jp/anime/kamimemo/core_sys/images/style_parts/ico/arrow/ar01_kh01.gif
core_sys/images/style_parts/ico/arrow/ar01_or01.gif,Icon,53,https://wwws.warnerbros.co.jp/anime/kamimemo/core_sys/images/style_parts/ico/arrow/ar01_or01.gif
core_sys/images/style_parts/ico/arrow/ar01_gl01.gif,Icon,53,https://wwws.warnerbros.co.jp/anime/kamimemo/core_sys/images/style_parts/ico/arrow/ar01_gl01.gif
core_sys/images/style_parts/ico/arrow/ar01_re01.gif,Icon,53,https://wwws.warnerbros.co.jp/anime/kamimemo/core_sys/images/style_parts/ico/arrow/ar01_re01.gif
core_sys/images/style_parts/ico/arrow/ar01_or02.gif,Icon,53,https://wwws.warnerbros.co.jp/anime/kamimemo/core_sys/images/style_parts/ico/arrow/ar01_or02.gif
core_sys/images/style_parts/ico/arrow/ar01_gl02.gif,Icon,53,https://wwws.warnerbros.co.jp/anime/kamimemo/core_sys/images/style_parts/ico/arrow/ar01_gl02.gif
core_sys/images/style_parts/ico/arrow/ar02_pp01.gif,Icon,79,https://wwws.warnerbros.co.jp/anime/kamimemo/core_sys/images/style_parts/ico/arrow/ar02_pp01.gif
core_sys/images/style_parts/ico/arrow/ar01_gr01.gif,Icon,53,https://wwws.warnerbros.co.jp/anime/kamimemo/core_sys/images/style_parts/ico/arrow/ar01_gr01.gif
core_sys/images/style_parts/ico/arrow/ar01_bg02.gif,Icon,53,https://wwws.warnerbros.co.jp/anime/kamimemo/core_sys/images/style_parts/ico/arrow/ar01_bg02.gif
core_sys/images/style_parts/ico/arrow/ar01_gr02.gif,Icon,53,https://wwws.warnerbros.co.jp/anime/kamimemo/core_sys/images/style_parts/ico/arrow/ar01_gr02.gif
core_sys/images/style_parts/ico/arrow/ar01_bg01.gif,Icon,53,https://wwws.warnerbros.co.jp/anime/kamimemo/core_sys/images/style_parts/ico/arrow/ar01_bg01.gif
core_sys/images/style_parts/ico/arrow/ar02_bl01.gif,Icon,79,https://wwws.warnerbros.co.jp/anime/kamimemo/core_sys/images/style_parts/ico/arrow/ar02_bl01.gif
core_sys/images/style_parts/ico/arrow/ar02_bk.gif,Icon,79,https://wwws.warnerbros.co.jp/anime/kamimemo/core_sys/images/style_parts/ico/arrow/ar02_bk.gif
core_sys/images/style_parts/ico/arrow/ar02_bl02.gif,Icon,79,https://wwws.warnerbros.co.jp/anime/kamimemo/core_sys/images/style_parts/ico/arrow/ar02_bl02.gif
core_sys/images/style_parts/ico/arrow/ar01_sm01.gif,Icon,53,https://wwws.warnerbros.co.jp/anime/kamimemo/core_sys/images/style_parts/ico/arrow/ar01_sm01.gif
core_sys/images/contents/00000017/base/l1.gif,Other,37890,https://wwws.warnerbros.co.jp/anime/kamimemo/core_sys/images/contents/00000017/base/l1.gif
core_sys/images/contents/00000010/base/l1.gif,Other,39116,https://wwws.warnerbros.co.jp/anime/kamimemo/core_sys/images/contents/00000010/base/l1.gif
core_sys/images/contents/00000019/base/l1.gif,Other,38759,https://wwws.warnerbros.co.jp/anime/kamimemo/core_sys/images/contents/00000019/base/l1.gif
core_sys/images/contents/00000020/base/l1.gif,Other,38580,https://wwws.warnerbros.co.jp/anime/kamimemo/core_sys/images/contents/00000020/base/l1.gif
core_sys/images/contents/00000018/base/l1.gif,Other,38172,https://wwws.warnerbros.co.jp/anime/kamimemo/core_sys/images/contents/00000018/base/l1.gif
core_sys/images/contents/00000011/base/l1.gif,Other,37989,https://wwws.warnerbros.co.jp/anime/kamimemo/core_sys/images/contents/00000011/base/l1.gif
core_sys/images/contents/00000016/base/l1.gif,Other,37420,https://wwws.warnerbros.co.jp/anime/kamimemo/core_sys/images/contents/00000016/base/l1.gif
core_sys/images/contents/00000009/base/l1.gif,Story,39248,https://wwws.warnerbros.co.jp/anime/kamimemo/core_sys/images/contents/00000009/base/l1.gif
core_sys/images/contents/00000013/base/l1.gif,Other,39774,https://wwws.warnerbros.co.jp/anime/kamimemo/core_sys/images/contents/00000013/base/l1.gif
core_sys/images/contents/00000014/base/l1.gif,Other,38094,https://wwws.warnerbros.co.jp/anime/kamimemo/core_sys/images/contents/00000014/base/l1.gif
core_sys/images/contents/00000015/base/l1.gif,Other,38257,https://wwws.warnerbros.co.jp/anime/kamimemo/core_sys/images/contents/00000015/base/l1.gif
core_sys/images/contents/00000012/base/l1.gif,Other,39700,https://wwws.warnerbros.co.jp/anime/kamimemo/core_sys/images/contents/00000012/base/l1.gif
core_sys/images/footer/cw_bg.gif,Other,2061,https://wwws.warnerbros.co.jp/anime/kamimemo/core_sys/images/footer/cw_bg.gif
core_sys/images/others/goods/cd_bottom.gif,Goods,4078,https://wwws.warnerbros.co.jp/anime/kamimemo/core_sys/images/others/goods/cd_bottom.gif
core_sys/images/others/goods/cd_spacer.gif,Goods,311,https://wwws.warnerbros.co.jp/anime/kamimemo/core_sys/images/others/goods/cd_spacer.gif
core_sys/images/others/goods/cd_main_bg.gif,Goods,101591,https://wwws.warnerbros.co.jp/anime/kamimemo/core_sys/images/others/goods/cd_main_bg.gif
core_sys/images/others/goods/cd_ttl_bg.gif,Goods,23530,https://wwws.warnerbros.co.jp/anime/kamimemo/core_sys/images/others/goods/cd_ttl_bg.gif
core_sys/images/side/mark_or.gif,Other,48,https://wwws.warnerbros.co.jp/anime/kamimemo/core_sys/images/side/mark_or.gif
core_sys/images/side/mark_wh.gif,Other,48,https://wwws.warnerbros.co.jp/anime/kamimemo/core_sys/images/side/mark_wh.gif
core_sys/images/side/mark01.gif,Other,102,https://wwws.warnerbros.co.jp/anime/kamimemo/core_sys/images/side/mark01.gif
core_sys/images/side/gnavi/gl_bt_03a.gif,Banner,5152,https://wwws.warnerbros.co.jp/anime/kamimemo/core_sys/images/side/gnavi/gl_bt_03a.gif
core_sys/images/side/gnavi/gl_bt_02a.gif,Banner,4184,https://wwws.warnerbros.co.jp/anime/kamimemo/core_sys/images/side/gnavi/gl_bt_02a.gif
core_sys/images/side/gnavi/gl_bt_12ao.gif,Banner,1887,https://wwws.warnerbros.co.jp/anime/kamimemo/core_sys/images/side/gnavi/gl_bt_12ao.gif
core_sys/images/side/gnavi/gl_bt_10ao.gif,Banner,1598,https://wwws.warnerbros.co.jp/anime/kamimemo/core_sys/images/side/gnavi/gl_bt_10ao.gif
core_sys/images/side/gnavi/gl_bt_01o.gif,Banner,3888,https://wwws.warnerbros.co.jp/anime/kamimemo/core_sys/images/side/gnavi/gl_bt_01o.gif
core_sys/images/side/gnavi/gl_bt_09ao.gif,Banner,2908,https://wwws.warnerbros.co.jp/anime/kamimemo/core_sys/images/side/gnavi/gl_bt_09ao.gif
core_sys/images/side/gnavi/gl_bt_01.gif,Banner,2441,https://wwws.warnerbros.co.jp/anime/kamimemo/core_sys/images/side/gnavi/gl_bt_01.gif
core_sys/images/side/gnavi/gl_bt_05a.gif,Banner,5327,https://wwws.warnerbros.co.jp/anime/kamimemo/core_sys/images/side/gnavi/gl_bt_05a.gif
core_sys/images/side/gnavi/gl_bt_13a.gif,Banner,4954,https://wwws.warnerbros.co.jp/anime/kamimemo/core_sys/images/side/gnavi/gl_bt_13a.gif
core_sys/images/side/gnavi/gl_bt_10o.gif,Banner,1598,https://wwws.warnerbros.co.jp/anime/kamimemo/core_sys/images/side/gnavi/gl_bt_10o.gif
core_sys/images/side/gnavi/gl_bt_06o.gif,Banner,4270,https://wwws.warnerbros.co.jp/anime/kamimemo/core_sys/images/side/gnavi/gl_bt_06o.gif
core_sys/images/side/gnavi/gl_bt_03.gif,Banner,3693,https://wwws.warnerbros.co.jp/anime/kamimemo/core_sys/images/side/gnavi/gl_bt_03.gif
core_sys/images/side/gnavi/gl_bt_02.gif,Banner,2655,https://wwws.warnerbros.co.jp/anime/kamimemo/core_sys/images/side/gnavi/gl_bt_02.gif
core_sys/images/side/gnavi/gl_bt_09a.gif,Banner,2908,https://wwws.warnerbros.co.jp/anime/kamimemo/core_sys/images/side/gnavi/gl_bt_09a.gif
core_sys/images/side/gnavi/gl_bt_11ao.gif,Banner,1809,https://wwws.warnerbros.co.jp/anime/kamimemo/core_sys/images/side/gnavi/gl_bt_11ao.gif
core_sys/images/side/gnavi/gl_bt_08a.gif,Banner,4521,https://wwws.warnerbros.co.jp/anime/kamimemo/core_sys/images/side/gnavi/gl_bt_08a.gif
core_sys/images/side/gnavi/gl_bt_06.gif,Banner,2658,https://wwws.warnerbros.co.jp/anime/kamimemo/core_sys/images/side/gnavi/gl_bt_06.gif
core_sys/images/side/gnavi/gl_bt_12.gif,Banner,502,https://wwws.warnerbros.co.jp/anime/kamimemo/core_sys/images/side/gnavi/gl_bt_12.gif
core_sys/images/side/gnavi/gl_bt_13.gif,Banner,3636,https://wwws.warnerbros.co.jp/anime/kamimemo/core_sys/images/side/gnavi/gl_bt_13.gif
core_sys/images/side/gnavi/gl_bt_07.gif,Banner,2798,https://wwws.warnerbros.co.jp/anime/kamimemo/core_sys/images/side/gnavi/gl_bt_07.gif
core_sys/images/side/gnavi/gl_bt_08ao.gif,Banner,4521,https://wwws.warnerbros.co.jp/anime/kamimemo/core_sys/images/side/gnavi/gl_bt_08ao.gif
core_sys/images/side/gnavi/gl_bt_07o.gif,Banner,4449,https://wwws.warnerbros.co.jp/anime/kamimemo/core_sys/images/side/gnavi/gl_bt_07o.gif
core_sys/images/side/gnavi/gl_bt_11o.gif,Banner,1809,https://wwws.warnerbros.co.jp/anime/kamimemo/core_sys/images/side/gnavi/gl_bt_11o.gif
core_sys/images/side/gnavi/gl_bt_12a.gif,Banner,1887,https://wwws.warnerbros.co.jp/anime/kamimemo/core_sys/images/side/gnavi/gl_bt_12a.gif
core_sys/images/side/gnavi/gl_bt_04a.gif,Banner,4813,https://wwws.warnerbros.co.jp/anime/kamimemo/core_sys/images/side/gnavi/gl_bt_04a.gif
core_sys/images/side/gnavi/gl_bt_11.gif,Banner,488,https://wwws.warnerbros.co.jp/anime/kamimemo/core_sys/images/side/gnavi/gl_bt_11.gif
core_sys/images/side/gnavi/gl_bt_05.gif,Banner,3889,https://wwws.warnerbros.co.jp/anime/kamimemo/core_sys/images/side/gnavi/gl_bt_05.gif
core_sys/images/side/gnavi/gl_bt_04.gif,Banner,3517,https://wwws.warnerbros.co.jp/anime/kamimemo/core_sys/images/side/gnavi/gl_bt_04.gif
core_sys/images/side/gnavi/gl_bt_10.gif,Banner,415,https://wwws.warnerbros.co.jp/anime/kamimemo/core_sys/images/side/gnavi/gl_bt_10.gif
core_sys/images/side/gnavi/gl_bt_11a.gif,Banner,1809,https://wwws.warnerbros.co.jp/anime/kamimemo/core_sys/images/side/gnavi/gl_bt_11a.gif
core_sys/images/side/gnavi/gl_bt_07a.gif,Banner,4449,https://wwws.warnerbros.co.jp/anime/kamimemo/core_sys/images/side/gnavi/gl_bt_07a.gif
core_sys/images/side/gnavi/gl_bt_09.gif,Banner,762,https://wwws.warnerbros.co.jp/anime/kamimemo/core_sys/images/side/gnavi/gl_bt_09.gif
core_sys/images/side/gnavi/gl_bt_08.gif,Banner,3330,https://wwws.warnerbros.co.jp/anime/kamimemo/core_sys/images/side/gnavi/gl_bt_08.gif
core_sys/images/side/gnavi/gl_bt_06ao.gif,Banner,4270,https://wwws.warnerbros.co.jp/anime/kamimemo/core_sys/images/side/gnavi/gl_bt_06ao.gif
core_sys/images/side/gnavi/gl_bt_08o.gif,Banner,4521,https://wwws.warnerbros.co.jp/anime/kamimemo/core_sys/images/side/gnavi/gl_bt_08o.gif
core_sys/images/side/gnavi/gl_bt_04ao.gif,Banner,4813,https://wwws.warnerbros.co.jp/anime/kamimemo/core_sys/images/side/gnavi/gl_bt_04ao.gif
core_sys/images/side/gnavi/gl_bt_04o.gif,Banner,4813,https://wwws.warnerbros.co.jp/anime/kamimemo/core_sys/images/side/gnavi/gl_bt_04o.gif
core_sys/images/side/gnavi/gl_bt_12o.gif,Banner,1887,https://wwws.warnerbros.co.jp/anime/kamimemo/core_sys/images/side/gnavi/gl_bt_12o.gif
core_sys/images/side/gnavi/gl_bt_13o.gif,Banner,4954,https://wwws.warnerbros.co.jp/anime/kamimemo/core_sys/images/side/gnavi/gl_bt_13o.gif
core_sys/images/side/gnavi/gl_bt_05o.gif,Banner,5327,https://wwws.warnerbros.co.jp/anime/kamimemo/core_sys/images/side/gnavi/gl_bt_05o.gif
core_sys/images/side/gnavi/gl_bt_02ao.gif,Banner,4184,https://wwws.warnerbros.co.jp/anime/kamimemo/core_sys/images/side/gnavi/gl_bt_02ao.gif
core_sys/images/side/gnavi/gl_bt_09o.gif,Banner,2908,https://wwws.warnerbros.co.jp/anime/kamimemo/core_sys/images/side/gnavi/gl_bt_09o.gif
core_sys/images/side/gnavi/gl_bt_06a.gif,Banner,4270,https://wwws.warnerbros.co.jp/anime/kamimemo/core_sys/images/side/gnavi/gl_bt_06a.gif
core_sys/images/side/gnavi/gl_bt_10a.gif,Banner,1598,https://wwws.warnerbros.co.jp/anime/kamimemo/core_sys/images/side/gnavi/gl_bt_10a.gif
core_sys/images/side/gnavi/gl_bt_05ao.gif,Banner,5327,https://wwws.warnerbros.co.jp/anime/kamimemo/core_sys/images/side/gnavi/gl_bt_05ao.gif
core_sys/images/side/gnavi/gl_bt_02o.gif,Banner,4184,https://wwws.warnerbros.co.jp/anime/kamimemo/core_sys/images/side/gnavi/gl_bt_02o.gif
core_sys/images/side/gnavi/gl_bt_01a.gif,Banner,3888,https://wwws.warnerbros.co.jp/anime/kamimemo/core_sys/images/side/gnavi/gl_bt_01a.gif
core_sys/images/side/gnavi/gl_bt_07ao.gif,Banner,4449,https://wwws.warnerbros.co.jp/anime/kamimemo/core_sys/images/side/gnavi/gl_bt_07ao.gif
core_sys/images/side/gnavi/gl_bt_03ao.gif,Banner,5152,https://wwws.warnerbros.co.jp/anime/kamimemo/core_sys/images/side/gnavi/gl_bt_03ao.gif
core_sys/images/side/gnavi/gl_bt_03o.gif,Banner,5152,https://wwws.warnerbros.co.jp/anime/kamimemo/core_sys/images/side/gnavi/gl_bt_03o.gif
core_sys/images/side/gnavi/gl_bt_01ao.gif,Banner,3888,https://wwws.warnerbros.co.jp/anime/kamimemo/core_sys/images/side/gnavi/gl_bt_01ao.gif
core_sys/images/sys/alert_ic01.gif,Other,4054,https://wwws.warnerbros.co.jp/anime/kamimemo/core_sys/images/sys/alert_ic01.gif
core_sys/images/sys/nb_navi_prevt_bt.gif,Other,61,https://wwws.warnerbros.co.jp/anime/kamimemo/core_sys/images/sys/nb_navi_prevt_bt.gif
core_sys/images/sys/alert_ic02.gif,Other,4768,https://wwws.warnerbros.co.jp/anime/kamimemo/core_sys/images/sys/alert_ic02.gif
core_sys/images/sys/list_gl_bg.gif,Other,143,https://wwws.warnerbros.co.jp/anime/kamimemo/core_sys/images/sys/list_gl_bg.gif
core_sys/images/sys/list_bk_bg.gif,Other,160,https://wwws.warnerbros.co.jp/anime/kamimemo/core_sys/images/sys/list_bk_bg.gif
core_sys/images/sys/back_list_bt.gif,Background,533,https://wwws.warnerbros.co.jp/anime/kamimemo/core_sys/images/sys/back_list_bt.gif
core_sys/images/sys/tab_menu_l.gif,Other,391,https://wwws.warnerbros.co.jp/anime/kamimemo/core_sys/images/sys/tab_menu_l.gif
core_sys/images/sys/tab_menu_lo.gif,Other,810,https://wwws.warnerbros.co.jp/anime/kamimemo/core_sys/images/sys/tab_menu_lo.gif
core_sys/images/sys/ar01_bl01.gif,Other,53,https://wwws.warnerbros.co.jp/anime/kamimemo/core_sys/images/sys/ar01_bl01.gif
core_sys/images/sys/tab_line01.gif,Other,45,https://wwws.warnerbros.co.jp/anime/kamimemo/core_sys/images/sys/tab_line01.gif
core_sys/images/sys/ar02_gr02.gif,Other,79,https://wwws.warnerbros.co.jp/anime/kamimemo/core_sys/images/sys/ar02_gr02.gif
core_sys/images/sys/nb_navi_next_bt.gif,Other,61,https://wwws.warnerbros.co.jp/anime/kamimemo/core_sys/images/sys/nb_navi_next_bt.gif
core_sys/images/sys/pagetop_bt.gif,Other,504,https://wwws.warnerbros.co.jp/anime/kamimemo/core_sys/images/sys/pagetop_bt.gif
core_sys/images/sys/ar01_gr01.gif,Other,53,https://wwws.warnerbros.co.jp/anime/kamimemo/core_sys/images/sys/ar01_gr01.gif
core_sys/images/sys/new_ic01.gif,Other,639,https://wwws.warnerbros.co.jp/anime/kamimemo/core_sys/images/sys/new_ic01.gif
core_sys/images/sys/tab_menu_r.gif,Other,803,https://wwws.warnerbros.co.jp/anime/kamimemo/core_sys/images/sys/tab_menu_r.gif
core_sys/images/sys/ar01_wh01.gif,Other,53,https://wwws.warnerbros.co.jp/anime/kamimemo/core_sys/images/sys/ar01_wh01.gif
core_sys/images/sys/news/story_ic.gif,Story,1345,https://wwws.warnerbros.co.jp/anime/kamimemo/core_sys/images/sys/news/story_ic.gif
core_sys/images/sys/news/onair_ic.gif,News,1361,https://wwws.warnerbros.co.jp/anime/kamimemo/core_sys/images/sys/news/onair_ic.gif
core_sys/images/sys/news/goods_ic.gif,Goods,1358,https://wwws.warnerbros.co.jp/anime/kamimemo/core_sys/images/sys/news/goods_ic.gif
core_sys/images/sys/news/sp_ic.gif,News,1420,https://wwws.warnerbros.co.jp/anime/kamimemo/core_sys/images/sys/news/sp_ic.gif
core_sys/images/sys/news/news_ic.gif,News,1296,https://wwws.warnerbros.co.jp/anime/kamimemo/core_sys/images/sys/news/news_ic.gif
core_sys/images/main/con_h3_ti_b.gif,Other,5626,https://wwws.warnerbros.co.jp/anime/kamimemo/core_sys/images/main/con_h3_ti_b.gif
core_sys/images/main/nwu01_bg.gif,Other,5445,https://wwws.warnerbros.co.jp/anime/kamimemo/core_sys/images/main/nwu01_bg.gif
core_sys/images/main/wrapper_bg2.jpg,Other,135333,https://wwws.warnerbros.co.jp/anime/kamimemo/core_sys/images/main/wrapper_bg2.jpg
core_sys/images/main/body_bg.jpg,Other,50436,https://wwws.warnerbros.co.jp/anime/kamimemo/core_sys/images/main/body_bg.jpg
core_sys/images/main/wrapper_bg_f.jpg,Background,156263,https://wwws.warnerbros.co.jp/anime/kamimemo/core_sys/images/main/wrapper_bg_f.jpg
core_sys/images/main/contents/h2_bd.gif,Key_Visual,5360,https://wwws.warnerbros.co.jp/anime/kamimemo/core_sys/images/main/contents/h2_bd.gif
core_sys/images/main/contents/cont_top_bg.gif,Other,833,https://wwws.warnerbros.co.jp/anime/kamimemo/core_sys/images/main/contents/cont_top_bg.gif
core_sys/images/main/contents/h2_cd.gif,Key_Visual,4951,https://wwws.warnerbros.co.jp/anime/kamimemo/core_sys/images/main/contents/h2_cd.gif
core_sys/images/main/contents/nh2_1.gif,Key_Visual,4863,https://wwws.warnerbros.co.jp/anime/kamimemo/core_sys/images/main/contents/nh2_1.gif
core_sys/images/main/contents/h2_5.gif,Key_Visual,4741,https://wwws.warnerbros.co.jp/anime/kamimemo/core_sys/images/main/contents/h2_5.gif
core_sys/images/main/contents/h2_4.gif,Key_Visual,4722,https://wwws.warnerbros.co.jp/anime/kamimemo/core_sys/images/main/contents/h2_4.gif
core_sys/images/main/contents/h2_book.gif,Key_Visual,5044,https://wwws.warnerbros.co.jp/anime/kamimemo/core_sys/images/main/contents/h2_book.gif
core_sys/images/main/contents/h2_1.gif,Key_Visual,5425,https://wwws.warnerbros.co.jp/anime/kamimemo/core_sys/images/main/contents/h2_1.gif
core_sys/images/main/contents/h2_3.gif,Key_Visual,5459,https://wwws.warnerbros.co.jp/anime/kamimemo/core_sys/images/main/contents/h2_3.gif
core_sys/images/main/contents/h2_2.gif,Key_Visual,5166,https://wwws.warnerbros.co.jp/anime/kamimemo/core_sys/images/main/contents/h2_2.gif
core_sys/images/main/contents/cms_block_bg.gif,Other,325,https://wwws.warnerbros.co.jp/anime/kamimemo/core_sys/images/main/contents/cms_block_bg.gif
core_sys/images/main/contents/cont_bottom_bg.gif,Other,493,https://wwws.warnerbros.co.jp/anime/kamimemo/core_sys/images/main/contents/cont_bottom_bg.gif
core_sys/images/main/contents/h2_7.jpg,Key_Visual,99760,https://wwws.warnerbros.co.jp/anime/kamimemo/core_sys/images/main/contents/h2_7.jpg
core_sys/images/main/contents/radio/bt_shityo_32_off.gif,Banner,4819,https://wwws.warnerbros.co.jp/anime/kamimemo/core_sys/images/main/contents/radio/bt_shityo_32_off.gif
core_sys/images/main/contents/radio/navigator.jpg,Radio,19988,https://wwws.warnerbros.co.jp/anime/kamimemo/core_sys/images/main/contents/radio/navigator.jpg
core_sys/images/main/contents/radio/bt_shityo_64_off.gif,Banner,4779,https://wwws.warnerbros.co.jp/anime/kamimemo/core_sys/images/main/contents/radio/bt_shityo_64_off.gif
core_sys/images/main/contents/radio/radio_corner_bg.gif,Radio,560,https://wwws.warnerbros.co.jp/anime/kamimemo/core_sys/images/main/contents/radio/radio_corner_bg.gif
core_sys/images/main/contents/radio/oa_end.gif,Radio,2099,https://wwws.warnerbros.co.jp/anime/kamimemo/core_sys/images/main/contents/radio/oa_end.gif
core_sys/images/main/contents/radio/ttl2_radio.gif,Radio,688,https://wwws.warnerbros.co.jp/anime/kamimemo/core_sys/images/main/contents/radio/ttl2_radio.gif
core_sys/images/main/contents/chara/bt_chara02a.jpg,Character,3157,https://wwws.warnerbros.co.jp/anime/kamimemo/core_sys/images/main/contents/chara/bt_chara02a.jpg
core_sys/images/main/contents/chara/bt_chara11a.gif,Character,4701,https://wwws.warnerbros.co.jp/anime/kamimemo/core_sys/images/main/contents/chara/bt_chara11a.gif
core_sys/images/main/contents/chara/bt_chara03a.jpg,Character,3258,https://wwws.warnerbros.co.jp/anime/kamimemo/core_sys/images/main/contents/chara/bt_chara03a.jpg
core_sys/images/main/contents/chara/bt_chara07.jpg,Character,2376,https://wwws.warnerbros.co.jp/anime/kamimemo/core_sys/images/main/contents/chara/bt_chara07.jpg
core_sys/images/main/contents/chara/bt_chara06.jpg,Character,2303,https://wwws.warnerbros.co.jp/anime/kamimemo/core_sys/images/main/contents/chara/bt_chara06.jpg
core_sys/images/main/contents/chara/bt_chara08a.jpg,Character,3287,https://wwws.warnerbros.co.jp/anime/kamimemo/core_sys/images/main/contents/chara/bt_chara08a.jpg
core_sys/images/main/contents/chara/bt_chara04.jpg,Character,2451,https://wwws.warnerbros.co.jp/anime/kamimemo/core_sys/images/main/contents/chara/bt_chara04.jpg
core_sys/images/main/contents/chara/bt_chara10.jpg,Character,2879,https://wwws.warnerbros.co.jp/anime/kamimemo/core_sys/images/main/contents/chara/bt_chara10.jpg
core_sys/images/main/contents/chara/bt_chara04a.jpg,Character,3124,https://wwws.warnerbros.co.jp/anime/kamimemo/core_sys/images/main/contents/chara/bt_chara04a.jpg
core_sys/images/main/contents/chara/bt_chara05.jpg,Character,2487,https://wwws.warnerbros.co.jp/anime/kamimemo/core_sys/images/main/contents/chara/bt_chara05.jpg
core_sys/images/main/contents/chara/bt_chara01.jpg,Character,2247,https://wwws.warnerbros.co.jp/anime/kamimemo/core_sys/images/main/contents/chara/bt_chara01.jpg
core_sys/images/main/contents/chara/bt_chara05a.jpg,Character,3128,https://wwws.warnerbros.co.jp/anime/kamimemo/core_sys/images/main/contents/chara/bt_chara05a.jpg
core_sys/images/main/contents/chara/bt_chara02.jpg,Character,2441,https://wwws.warnerbros.co.jp/anime/kamimemo/core_sys/images/main/contents/chara/bt_chara02.jpg
core_sys/images/main/contents/chara/bt_chara09a.jpg,Character,3935,https://wwws.warnerbros.co.jp/anime/kamimemo/core_sys/images/main/contents/chara/bt_chara09a.jpg
core_sys/images/main/contents/chara/bt_chara03.jpg,Character,2524,https://wwws.warnerbros.co.jp/anime/kamimemo/core_sys/images/main/contents/chara/bt_chara03.jpg
core_sys/images/main/contents/chara/bt_chara10a.jpg,Character,3421,https://wwws.warnerbros.co.jp/anime/kamimemo/core_sys/images/main/contents/chara/bt_chara10a.jpg
core_sys/images/main/contents/chara/bt_chara06a.jpg,Character,2973,https://wwws.warnerbros.co.jp/anime/kamimemo/core_sys/images/main/contents/chara/bt_chara06a.jpg
core_sys/images/main/contents/chara/bt_chara08.jpg,Character,2639,https://wwws.warnerbros.co.jp/anime/kamimemo/core_sys/images/main/contents/chara/bt_chara08.jpg
core_sys/images/main/contents/chara/bt_chara07a.jpg,Character,2894,https://wwws.warnerbros.co.jp/anime/kamimemo/core_sys/images/main/contents/chara/bt_chara07a.jpg
core_sys/images/main/contents/chara/bt_chara09.jpg,Character,3106,https://wwws.warnerbros.co.jp/anime/kamimemo/core_sys/images/main/contents/chara/bt_chara09.jpg
core_sys/images/main/contents/chara/bt_chara11.gif,Character,4373,https://wwws.warnerbros.co.jp/anime/kamimemo/core_sys/images/main/contents/chara/bt_chara11.gif
core_sys/images/main/contents/chara/bt_chara01a.jpg,Character,2910,https://wwws.warnerbros.co.jp/anime/kamimemo/core_sys/images/main/contents/chara/bt_chara01a.jpg
core_sys/images/main/contents/story/st_bgm.gif,Story,77092,https://wwws.warnerbros.co.jp/anime/kamimemo/core_sys/images/main/contents/story/st_bgm.gif
core_sys/images/main/contents/story/st_bgt.gif,Story,35392,https://wwws.warnerbros.co.jp/anime/kamimemo/core_sys/images/main/contents/story/st_bgt.gif
core_sys/images/main/contents/story/st_bgb.gif,Story,26640,https://wwws.warnerbros.co.jp/anime/kamimemo/core_sys/images/main/contents/story/st_bgb.gif
core_sys/images/header/head_logo01.jpg,Header,27361,https://wwws.warnerbros.co.jp/anime/kamimemo/core_sys/images/header/head_logo01.jpg
core_sys/images/header/head_logo02.jpg,Header,71910,https://wwws.warnerbros.co.jp/anime/kamimemo/core_sys/images/header/head_logo02.jpg